step,value
50,1.5752358436584473
100,1.5735441446304321
150,1.5721075534820557
200,1.5705320835113525
250,1.5701515674591064
300,1.5685482025146484
350,1.5684393644332886
380,1.5692129135131836
