step,value
50,0.4299611747264862
100,0.4304823577404022
150,0.4318799674510956
200,0.43063703179359436
250,0.4314671456813812
300,0.43294310569763184
350,0.4321328401565552
380,0.43111228942871094
