step,value
50,0.5644444227218628
100,0.5659258961677551
150,0.5659258961677551
200,0.5644444227218628
250,0.5644444227218628
300,0.5688889026641846
350,0.5644444227218628
380,0.5659258961677551
